Alen Mujezinovic <flashingpumpkin@gmail.com>
Alen Peacock <alen@winner.(none)>
Alexandr D. Kanevskiy <kad@kad.name>
Andreas <andreas@Andreas-MacBook.local>
Andreas Cederström <andreas@klydd.se>
Andreas Ehn <ehn@a8n.se>
Andrew Badr <andrewbadr+git@gmail.com>
Anna Warzecha <anna.warzecha@gmail.com>
Ask Solem <askh@opera.com>
Benjamin Zimmerman <benjamin.zimmerman@gmail.com>
cheesesandwich <cheesesandwich@thinked-game.(none)>
Chris Dickinson <christopher.s.dickinson@gmail.com>
Chris Drackett <chris@chrisdrackett.com>
Damien Churchill <damoxc@gmail.com>
Dan Wilson <dan@timetric.com>
Daniel Roseman <daniel@roseman.org.uk>
Daniel Woodhouse <wodemoneke@gmail.com>
David B. Edelstein <david.b.edelstein@gmail.com>
Douglas William Thrift <douglaswth@gmail.com>
Duc Nguyen <duc@nuggien.com>
Francois Gaudin <francois.gaudin@makina-corpus.com>
Gergely Imreh <imrehg@gmail.com>
Gisle Aas <gisle.aas@gmail.com>
hoffstaetter <samuel@hoffstaetter.com>
Ian Langworth <ian@langworth.com>
Ignas Mikalajūnas <ignas.mikalajunas@gmail.com>
Igor Guerrero Fonseca <igfgt1@gmail.com>
Jannis Leidel <jannis@leidel.info>
Jason Skicewicz <jason@devskunk.com>
Jon Wood <jon@blankpad.net>
Jonathan Lukens <jonathan@threadsafelabs.com>
Lee Li <shuge.lee@gmail.com>
Luke Worth <luke.worth@gmail.com>
Marshall Jones <marshall.jones.1980@gmail.com>
Mat Clayton <mat@wakari.co.uk>
Matthew Stevens <matthew.stevens@gmail.com>
Matthieu Saint-Aubin <mrbouyou@gmail.com>
Max Battcher <max.battcher@gmail.com>
Nick Gravgaard <daengr@egmont.com>
Niran Babalola <iamniran@gmail.com>
Patryk Zawadzki <patrys@pld-linux.org>
purp <lee@shuge-lab.(none)>
Ragan Webber <ragan@spiffywidgets.com>
Rand Bradley <rand.bradley@gmail.com>
Rohan Deshpande <rohan.deshpande@gmail.com>
Ryan Nowakowski <ryan@karmaback.com>
Ryszard Szopa <ryszard.szopa@gmail.com>
Samuel Cormier-Iijima <sciyoshi@gmail.com>
Samuel Hoffstaetter <samuel@hoffstaetter.com>
Sandro Turriate <sandro.turriate@gmail.com>
Shannon -jj Behrens <jjinux@gmail.com>
Simon <ss@feinheits-imac.feinheit.local>
The Web Server <support@thinkeducationusa.com>
Toby White <tow@eaddrinu.se>
Tom Drummond <tom@devioustree.co.uk>
Tomasz Rybarczyk <paluho@gmail.com>
Travis J Parker <travis.parker@gmail.com>
Travis Swicegood <development@domain51.com>
Ulas Tuerkmen <ulas.tuerkmen@gmail.com>
Wayne Moore <wayne@kotega.com>
woodcoder <andy@getdesignthing.com>
Yoan Blanc <yoan@dosimple.ch>
Unknown <rkmr.em@gmail.com>
